Level2	G6R1_MAIN_09MAY2016_LD1	G6R1_NF_09MAY2016_LD1	G6R2_MAIN_09MAY2016_LD1	G6R2_NF_09MAY2016_LD1	G6R3_MAIN_09MAY2016_LD1	G6R3_NF_09MAY2016_LD1	G6R4_MAIN_09MAY2016_LD1	G6R4_NF_09MAY2016_LD1	G6R1_MAIN_31MAY2016_LD1	G6R1_NF_31MAY2016_LD1	G6R2_MAIN_31MAY2016_LD1	G6R2_NF_31MAY2016_LD1	G6R3_MAIN_31MAY2016_LD1	G6R3_NF_31MAY2016_LD1	G6R4_MAIN_31MAY2016_LD1	G6R4_NF_31MAY2016_LD1	G6R1_MAIN_20JUN2016_LD1	G6R1_NF_20JUN2016_LD1	G6R2_MAIN_20JUN2016_LD1	G6R2_NF_20JUN2016_LD1	G6R3_MAIN_20JUN2016_LD1	G6R3_NF_20JUN2016_LD1	G6R4_MAIN_20JUN2016_LD1	G6R4_NF_20JUN2016_LD1	G6R1_MAIN_12JUL2016_LD1	G6R1_NF_12JUL2016_LD1	G6R2_MAIN_12JUL2016_LD1	G6R2_NF_12JUL2016_LD1	G6R3_MAIN_12JUL2016_LD1	G6R3_NF_12JUL2016_LD1	G6R4_MAIN_12JUL2016_LD1	G6R4_NF_12JUL2016_LD1	G6R1_MAIN_01AUG2016_LD1	G6R1_NF_01AUG2016_LD1	G6R2_MAIN_01AUG2016_LD1	G6R2_NF_01AUG2016_LD1	G6R3_MAIN_01AUG2016_LD1	G6R3_NF_01AUG2016_LD1	G6R4_MAIN_01AUG2016_LD1	G6R4_NF_01AUG2016_LD1	G6R1_MAIN_22AUG2016_LD1	G6R1_NF_22AUG2016_LD1	G6R2_MAIN_22AUG2016_LD1	G6R2_NF_22AUG2016_LD1	G6R3_MAIN_22AUG2016_LD1	G6R3_NF_22AUG2016_LD1	G6R4_MAIN_22AUG2016_LD1	G6R4_NF_22AUG2016_LD1	G6R1_MAIN_12SEP2016_LD1	G6R1_NF_12SEP2016_LD1	G6R2_MAIN_12SEP2016_LD1	G6R2_NF_12SEP2016_LD1	G6R3_MAIN_12SEP2016_LD1	G6R3_NF_12SEP2016_LD1	G6R4_MAIN_12SEP2016_LD1	G6R4_NF_12SEP2016_LD1	G6R1_MAIN_03OCT2016_LD1	G6R1_NF_03OCT2016_LD1	G6R2_MAIN_03OCT2016_LD1	G6R2_NF_03OCT2016_LD1	G6R3_MAIN_03OCT2016_LD1	G6R3_NF_03OCT2016_LD1	G6R4_MAIN_03OCT2016_LD1	G6R4_NF_03OCT2016_LD1	G6R1_MAIN_07NOV2016_LD1	G6R1_NF_07NOV2016_LD1	G6R2_MAIN_07NOV2016_LD1	G6R2_NF_07NOV2016_LD1	G6R3_MAIN_07NOV2016_LD1	G6R3_NF_07NOV2016_LD1	G6R4_MAIN_07NOV2016_LD1	G6R4_NF_07NOV2016_LD1
Amino acid metabolism	241.8651935899101	44.751182611958086	189.0053994839184	255.3064232097581	252.07992401328704	129.5825945300992	230.3748974799637	246.64468033852995	242.17433643894324	262.0015606824301	239.31810033004373	245.1283696235284	244.70920591417035	240.2470865706718	238.16681522262456	233.57812480373494	240.13224952033204	247.26563988424596	228.819896969945	223.24776807280892	234.36767928238433	230.4423539580189	211.35961832593551	214.97021773477005	241.25161987180707	243.49145099187302	246.80621585435534	251.70119949445734	252.4703364135001	221.92727712211646	232.3414703894852	220.4430996529822	214.38870135578964	216.10173461557517	207.9808438902526	211.41796342353067	211.79574680604267	193.9467685847235	209.19716754195758	199.79206200017788	203.0059096057123	205.74154878430724	203.2627036790682	202.3309348452241	208.71959661711466	199.69043679687155	202.6301063043672	205.98117828921747	200.59224455267054	202.5440441602793	203.8925689949415	207.2364524813312	199.92580607830658	203.59977413816978	199.07146499137775	203.9734590227024	209.90378670689896	206.01222415667667	200.18247728127565	203.7463324829372	206.06304805003126	208.763614322369	198.5340003552039	195.23249289245464	191.9632890452042	193.56749888084533	189.77033979033448	188.9097872041011	189.36963316984873	0.0	190.5774434196208	189.7520050734037
Biosynthesis of other secondary metabolites	57.21211341756801	0.0	0.0	79.88160075074569	0.0	0.0	88.3166211761884	60.901877363866234	74.84475157956604	81.73072901676402	19.470901142676663	40.645972108662036	110.52542439486774	55.69565472105773	77.9108135467212	105.82603241091465	73.24250906905647	112.69878306519112	105.28873567370559	103.05446067977537	91.02680700243539	89.09535949962623	98.65847302201877	97.99671981834254	111.88640386064871	93.23530957747478	96.81570226609722	115.214875470486	97.41035683976861	86.7201706772259	88.88687596110688	102.3318732236333	81.47257482245747	82.86303049861239	97.77363798017667	99.29852757423645	81.19089551212431	90.1326112772982	82.9646005546015	91.13707132863706	94.35300854145493	97.30300346963362	95.1009045097507	93.86607975676861	80.73053932948486	93.07135245443295	93.76912712988185	94.3841574647679	92.48738925913881	96.44769703324162	95.39539419532613	80.0081972820528	93.32569414075247	94.64455679527593	94.08304936863718	94.42915778453846	78.6473426677696	79.20655051690781	93.9851536239847	95.36101964669436	96.11348204409886	81.2716501486826	93.43308301912738	90.7339360206513	89.5205499425958	89.78864178843529	88.58542027298131	89.0357914756995	88.69951086827237	0.0	89.32143087166604	88.66238793664724
Carbohydrate metabolism	284.78406370445464	89.38959762967656	254.48271331651438	295.9285196876728	248.46321405596152	174.31918058004538	271.21602629303266	267.9927452027446	285.81464757888943	296.8693349443275	304.7423090762895	274.3453554841277	276.8113143185036	283.1223504506446	279.05707922459345	264.6490792032792	272.8301721980164	286.56891946288266	261.42499273989694	255.80506473525458	274.7524077787229	264.5345878781555	241.62515556063343	249.81040314911584	274.76575727904276	277.787558027297	284.89136450125466	286.07046036661876	280.85158581649785	256.26942836487785	263.5706448166035	254.07162047641657	247.2099844919615	249.58886069421027	240.23388138919404	243.32485219442566	242.64313628741368	224.58024446592302	240.44023431467468	229.1793733546391	236.05634852063292	237.76079288256636	234.00025634188347	234.52264870868612	240.50098036718157	230.46221411529845	232.8736477777179	237.78511037098968	230.49197828691277	233.31678596502672	234.76904518376836	238.1123261086162	229.88944125061232	234.05388950770126	228.02978679130536	233.91762070269272	241.70491032020686	236.03179098631568	230.42600349912865	234.33262828347551	237.0277044987475	239.92536739789492	228.31783911498889	224.82167706870655	221.35667299445797	222.4128746152287	219.0362866981695	218.41783799613103	218.65409305617516	0.0	219.73343672937065	219.16943747448744
Cell growth and death	33.981340755470924	0.0	0.0	38.635796167533265	0.0	0.0	37.33277975682726	0.0	42.498925219556995	38.16233917838015	0.0	0.0	37.73888408555542	37.885034013978405	39.82866053140408	37.862409720259784	0.0	38.64877508400174	37.074401393294316	34.30628501943886	34.63847307652237	39.50362054806371	34.673206198719676	33.74089132140882	37.29519515559905	36.561958384235844	0.0	37.770248026231044	0.0	33.46912793243248	34.66556354322441	34.25951348987054	33.57347359772604	34.36110612968016	31.752747309211586	33.21426164070879	33.56142213928194	30.805365594253495	32.271259430296126	31.515224411701357	31.992083358733353	32.18818071058988	31.02710555833135	30.880310432107052	31.723854220076753	31.157871310163152	30.57867400495267	31.675471014540072	30.247670687778715	30.832058901466	30.726185260282076	31.519075312535715	30.154035277397025	30.9467362517766	29.865101102745967	31.146257048664573	31.417122807503986	31.808001824604915	30.42205839610855	31.062037141229634	31.353697320433803	32.293798218972604	29.97983334014164	29.525938677086295	29.186015229070808	29.281181787262113	28.79119272753783	28.73210213980894	28.851001856807933	0.0	29.36300304928385	28.767064493123225
Cell motility	0.0	0.0	0.0	18.26728455021256	0.0	0.0	17.988677694323506	0.0	17.90419753022727	19.101092463324587	0.0	0.0	18.724318397416443	16.93156997981134	19.69822412989687	19.651805538525043	18.172527421006063	19.376877693751794	17.376784834134384	17.55457083480697	18.31274000391985	16.962639124553355	16.84385988622716	16.480345220440054	18.17087884639283	17.920465830623193	18.145467016624927	18.358426150461	18.846893887651337	16.966262836956776	17.30200271688401	17.42309539802	15.926323037351859	16.723503388551602	15.83971732129738	16.65159713176139	15.844435412741348	14.81178877098086	15.686824504529861	15.520624883399169	15.06232912446586	15.278878189447502	14.80658214868206	14.892136064588662	15.331349314722068	14.829769305519287	15.009529170888996	15.30365536583607	15.353303320079485	14.887452154581108	15.048651822134655	15.345578594270233	14.803520345650428	15.115670046618439	14.934335016573659	15.265689732769268	15.950421219384353	15.498340657119863	15.117767427895627	15.291631285985071	15.41332775995883	15.748363348685329	14.952266427786556	14.735085154310363	14.697331112702235	14.749969464741161	14.318363781452632	14.31657080705683	14.383511107096353	0.0	14.583822067837419	14.252720588034189
Cellular community	0.0	0.0	0.0	0.0	0.0	0.0	0.0	0.0	0.0	0.0	0.0	0.0	0.0	0.0	0.0	0.0	0.0	0.0	0.0	0.0	0.0	0.0	0.0	15.6309092913474	0.0	0.0	0.0	0.0	0.0	0.0	0.0	0.0	0.0	0.0	0.0	0.0	0.0	15.202168869821307	15.752790708850439	15.992427113307235	0.0	0.0	13.285708080040783	15.555067472016432	14.16661805085123	15.197116125388739	13.516454817412265	14.202994391062292	0.0	13.709168727975111	13.705312571856249	13.192236425921546	13.751592214218757	13.456406612674277	14.444238979474763	13.150883050521164	0.0	15.411846240074231	15.31229723734859	14.345344157422376	16.035722751999902	15.781462708745888	14.260626103547994	13.234699513523372	14.081521000548328	13.631425207945739	15.15948892540403	13.624549283579784	14.211616893494877	0.0	13.715263424696158	13.321829731854045
Digestive system	0.0	0.0	0.0	19.01341309982592	0.0	0.0	17.044742035719683	0.0	0.0	0.0	17.97938749022998	0.0	0.0	0.0	0.0	17.303244131389942	17.15990035962782	17.913210934270538	17.316260873960257	16.430773432653	0.0	16.22154853891973	31.84076550981019	16.310107524384385	0.0	0.0	18.634274598046108	18.895315010361273	17.7799070704591	32.294029354699745	17.074647427037654	16.635182131171323	16.604330385783044	17.02340380530734	15.628972509516483	16.505138894322734	15.84026091694314	31.187908680327318	16.470703942925073	31.4248533476662	33.2967953838279	33.67654575855974	16.493252177022843	15.38858376751116	16.46072136921776	31.7807378766544	31.213458383494917	16.215772418520892	33.937921663721774	16.210917024865658	33.38841168989211	16.09518412815705	15.413690661721791	32.66046975564901	30.798174631638027	15.904421294667316	16.425647220556343	31.897936381364932	32.045969978105994	15.75064637201378	31.70162613759861	32.730196292800514	46.40125576028857	31.146346186229778	31.234091822076056	31.28829609549101	29.943098889270928	14.630670651636425	14.599159997816043	0.0	48.12140233555509	33.33996260252665
Energy metabolism	126.0948943140397	45.254487488344054	84.82008956205269	137.40369397873357	83.09968309939472	86.06966885412338	123.69342573128347	103.66969706269022	132.43880926351216	139.3706623758008	140.3307292400188	116.95568960641315	129.77956567691194	127.75751422738317	111.15554459394082	126.0353365542745	126.9985152363538	133.4267254980948	122.55656914216519	119.04786103003198	125.51811031615883	120.64123626413212	114.33940363841921	116.18531852851504	127.62617715504398	130.2171615975349	111.50916234200777	132.30482627158955	129.64714888685185	118.03663932888588	121.43293383446797	118.22214575716654	113.7554720695383	115.59770571843123	110.99201822488153	112.11440309501582	112.23126792559857	103.35376604813744	109.7417341830001	106.95291376795029	106.91005857237663	107.61864793201555	106.45702216334678	107.04775852653138	109.00712315926326	104.5129380921974	106.10499262626708	107.64527401057168	106.18384216668548	105.86689452681759	106.91670566355334	108.19676484494454	104.85181016612998	106.60582462526304	104.447127747347	106.8899658770023	111.52833749091202	109.34187444233339	106.75534673593549	107.68300977098784	108.9220410555637	110.255499509964	104.99303162958367	103.32988339246852	101.63386798666313	101.98813523424786	100.23314479255548	99.93033987334238	100.27583057615026	0.0	100.82310077826668	100.0168531742551
Folding, sorting and degradation	17.956399647277312	0.0	0.0	17.82310126502012	0.0	0.0	16.34930026470644	0.0	0.0	16.670719102756745	0.0	0.0	20.06167903578374	17.924315742985446	17.309334295566536	0.0	16.48046829052101	0.0	0.0	17.385951885064667	18.5414630242737	17.48825342751672	15.881451079767087	15.997183263661968	16.597429247050734	0.0	18.461860112410236	17.621264272108586	0.0	16.93218191066821	20.291031658260007	17.308695383828972	17.09923410603316	16.51820213658022	16.37978551983483	0.0	16.043462918332313	14.251389200034684	16.91919459336289	32.981388465594804	16.98608699600929	17.897459561420536	33.526302874052305	32.00351918488926	33.655207951681746	32.07089937991968	33.233062597829594	33.240697436422224	31.247297115837696	31.98618110559649	32.93449328845627	32.71195641916941	32.11153463612242	32.887709899213945	30.896151542277373	33.7701685700545	32.955268940575905	32.528191312118516	32.56060835207751	31.991854989808544	31.174750614301914	32.216195544217186	30.48719559403328	30.039504295731643	29.53291924654941	29.934590438504806	28.834985699440416	29.247100992744492	28.42557014082248	0.0	28.92952861302497	29.397738215776855
Global and overview maps	53.887171603335204	46.671886568583076	42.765049395782995	39.17881902506979	59.80012726959789	44.58996178064092	52.29718174189608	57.80998144974106	55.126486506520465	57.91898823554367	40.069730647749864	39.89461740692491	54.6380788693531	55.63768855305125	53.98943240655772	35.45240121438858	53.09502295931965	57.138855645269444	52.99556379723943	51.002269649753	53.38857776075989	53.30134907086851	48.916790255488124	49.43280109508912	54.911188056319176	54.80242709970509	55.5093957892655	57.671852701800375	36.98416976873646	50.19283923441402	52.37125043659207	50.84328980324221	49.01945894007949	49.150999567556255	47.64958709388184	65.53070638550852	48.28229120179083	44.04594893601852	47.34104195082162	62.44911067781138	45.76740280250434	67.39532986147304	63.157425452272776	63.07783798213581	47.153508850823684	61.103772577167135	62.51070064588927	46.297101159117645	61.67753923941564	63.16513771811849	63.899863618760136	46.66213388954772	62.53298293806073	62.74987876818945	61.964804592736726	63.08351788842205	47.0720775078745	46.506276062102366	62.952317936737636	63.41323999770128	46.4836477432427	47.29190945792312	62.36202834114212	60.72141573237133	60.47086024118213	61.01249097544178	59.795365502480465	60.208039194574376	61.05731915918942	0.0	59.0075402864285	60.321014540961315
Glycan biosynthesis and metabolism	38.59628077021317	0.0	20.395499135770788	59.674259029927086	0.0	20.397124959136374	75.2410199419804	61.939288554965394	58.20168999490718	79.12951731388668	78.05055586292929	40.4600250028524	76.96904488402001	77.89538761337019	93.38084754688172	57.27277903041824	74.99336505841951	78.24835631659147	90.12406757920719	86.70274880829474	92.53813493201481	70.3815243534884	82.3991927718335	86.41132383205255	74.75400329416514	92.82612441450797	80.028412414479	94.24373030766495	59.10864726645646	89.74201971812077	89.23238788701782	88.47871396950805	84.03144242027854	85.93140184784953	82.01820819449567	83.04861272587304	82.90829114585503	76.88330101485528	83.88517417453696	79.97670979536281	78.33890192182365	79.37969548021366	78.4534641202523	78.10763157324423	80.62952816237402	77.71476242806527	78.1396030153383	79.96459680279622	77.06716996279606	77.7447426173919	78.62431357542889	79.52298338350425	77.40286281000847	78.33385475182207	76.81133457579783	78.26588942803467	80.43010849858352	79.29064195882793	76.77798353268217	78.18946263934171	79.87064943098062	80.66750908896502	76.91168177748867	76.80337229984322	74.5416363892697	74.72807539817614	74.25952401724646	74.36202681114102	74.47958877019703	0.0	74.8348885284246	74.6565076848537
Lipid metabolism	77.0539455321947	0.0	85.65270847723235	56.05229245625567	81.49257603947403	20.907950582902366	89.37073086340918	102.19998627490811	121.31385731550382	121.13458336183409	102.6824680966101	59.25400090284256	132.9962531988204	135.6643924705735	92.93698520075732	127.55100583348901	128.16234147319642	132.16924303425068	124.09686644834153	120.06258177521048	127.66236976246442	127.22310057069032	113.95688542547188	119.47822767743519	126.73554832767442	114.61194764414921	114.821826516608	136.3813901964895	118.45768285717917	126.2688048469769	109.3393785858939	120.03897385765688	117.60972556031673	120.70550140334939	116.41426247374424	117.34497501492636	117.79414513199873	105.7490022549504	115.52405292849802	109.6631673773415	111.31676315922968	114.30356903744891	111.92827306265136	110.59587938355905	115.1629292884098	109.71142704481967	111.5393989792763	114.16983821742933	111.42904706922893	112.51510198497361	113.24849929757923	117.2483266873648	127.06619818837977	111.92373488691399	110.36006706413673	112.64845794265139	115.78499022582508	113.15861464697939	110.00664965790956	112.75681367604354	113.90076240891	115.48941005584297	109.75867175072824	108.87794707108307	124.26626588851967	107.14830594557809	105.02831137491738	104.7590115293613	105.53534852021575	0.0	106.21837436740194	105.7540657335371
Membrane transport	17.733434094391	0.0	0.0	0.0	0.0	0.0	17.635185778734105	0.0	0.0	0.0	0.0	0.0	18.43798166397967	17.695594693350447	18.717204193207035	17.092456135759146	18.65162359252529	0.0	17.762425521441152	16.424547392213533	17.94378230068489	17.660432278514577	16.141638998245703	16.741596346058145	18.11885354249454	0.0	19.026783394542285	0.0	18.11840357926673	17.171303589610677	18.080746754910386	17.453280307746503	16.311647360204248	16.971128011364577	16.555132514866354	16.28612898943685	15.84424620237782	14.809092462726776	15.610137902428734	15.612301648518216	15.725750501978794	15.37802979898032	15.071472242618638	15.45766324329675	15.286325636399482	15.028469574606838	15.11640622468978	15.607929595817962	15.278497607656018	15.117128850245583	15.12271924539701	15.539453930587653	14.789807181907518	15.222553341497594	14.835988548490183	15.245950050743343	15.973323361655083	15.613589092171171	15.294732454671092	15.350371556912995	15.323509389708644	15.824679377458212	15.177952075940768	14.721258315765008	14.595318722513207	14.650278284321868	14.48823230149077	14.300368803638472	14.343632627910871	0.0	14.535084046774713	14.302719084716314
Metabolism of cofactors and vitamins	190.43032264530999	42.52986619511786	59.79193247158776	195.34658807465834	121.07418617549553	43.03279832945323	177.33201760051003	142.19411209256876	188.13314574858754	175.73047086784163	158.04944807850285	189.20948396984664	184.8166834737425	168.03980290498652	186.22649645446575	180.80570870807068	188.0272043865251	193.80729911208718	176.75198235016322	172.70790026785028	165.77284792644133	177.44586660768752	163.73782840975514	167.27456859410097	186.83585263239533	170.5074771183034	188.62901708386232	195.772203776248	192.2348442915221	171.7059286135363	177.1920925430358	170.7159781758862	164.2030746501129	169.21202667957098	161.23205522302447	165.07593252524737	161.6672819062752	149.4365518504996	159.62836886895207	154.56425757802364	155.33839709711876	156.46431266798234	154.91532529295233	155.51773056513971	159.68626103998017	153.16508025012368	155.17225662649943	157.6100627864221	155.0662031579364	155.00415221872632	156.2132782808602	158.68884820912373	152.87601552837143	155.84197001537655	152.87385468515566	155.74202313670872	162.0133990331136	158.40344076054998	154.68997031722444	156.98099983300546	158.60061583413895	161.76671448641164	152.91622395356978	151.3694105417175	148.37513916451383	149.0233882240323	146.44237548454396	145.06123625921273	146.08199679267665	0.0	147.58159613060073	145.85163950174658
Metabolism of other amino acids	74.3703956902855	43.1146319036136	42.74361281755125	117.07882362791953	64.00642115483187	43.43830246613389	123.21996178235894	61.50953472756413	98.893062419721	117.82287120670017	96.92658346343805	97.80014826625595	91.94878583080171	110.87064442547808	116.14851715617061	128.4212077816364	112.19693757210072	96.98102894067353	107.58386089218708	123.52911482879378	108.87967750513583	124.09843857119698	114.77598259237888	116.45603888159337	113.88491733457772	112.35807029178424	129.92377908763905	139.78440331898446	129.1151915509064	118.14611660973046	125.34914824309972	118.47680131567186	114.87432915682997	119.36949752889224	113.39815700412689	114.89682719887335	115.69767522175012	105.92645527640889	111.98207382317204	108.62672930610503	110.25207986859384	111.30559307539959	108.93240844880341	110.43460062103786	111.97706250967883	109.07396312403883	108.92222956916015	110.5362757803425	108.6313491959575	108.48081418122213	110.13579349313378	110.55105963877159	108.49070376958707	108.53170490062338	106.86820652293257	109.24423795331629	112.61901549980159	110.33967927249284	107.12844776652457	109.66297620303033	111.50743246602391	112.28087729679447	107.24599317024757	105.5260310561034	102.90543326587505	103.56090228197162	101.64384737584936	100.23920056331464	100.62880060576931	0.0	102.36429602096423	100.66923696332208
Metabolism of terpenoids and polyketides	57.58417350277428	0.0	21.512035860130027	80.01260450159936	18.84048860157974	0.0	93.32073539694417	58.26609168058735	75.88387711968832	118.5974650718964	57.55634976625106	39.45035000614867	134.91760349704543	117.60144972553816	94.58624107767955	93.05367210807351	110.75571937390394	95.4072355367076	125.49402160710595	121.65030946113662	113.3421810635731	128.92229687051002	133.65961211487934	136.75060121636022	132.3652073144124	131.37045757478015	118.5369444470229	140.58082960199113	56.395694230809696	121.67273640002983	124.39740699319323	121.31226648473896	135.0490485519757	135.75576900477964	130.04136796318042	132.89559090211662	116.00089242276574	121.38677364561235	129.5345095250126	125.49078611937058	126.44931937604285	126.18982759386928	124.30879859202696	124.16520094475393	129.18826940232864	123.59933985317647	123.84303933415494	125.46826611093407	122.97840922398066	122.97877377359016	123.51760002539122	126.83972784085216	122.20536204834187	122.99564600918043	120.85250762556332	124.52117368077327	126.28076686560308	127.65334511177883	123.26954858499025	124.50932469999395	126.58147280743964	127.63153490875726	120.9800812333496	118.4039161028388	118.7667488368703	118.77316935050578	116.97357110755782	116.07061699798872	118.2053885952111	0.0	117.39089231669209	117.33047923813277
Nervous system	0.0	0.0	0.0	0.0	0.0	0.0	17.94559734889835	0.0	19.80504572666335	0.0	0.0	20.06246338968466	0.0	19.574787514170055	18.29676225385136	17.699786094122835	0.0	0.0	17.214807056906764	16.73019347158493	19.358450246595787	17.06640276647911	17.44934710104242	16.76417918376185	0.0	19.292636268932636	23.49273900847581	17.8128354087328	0.0	16.863976007580796	16.54969906824703	16.626739955216784	16.745251960636736	16.439080974302417	15.849617653898283	15.279981696430038	15.783843332628836	14.869032123696927	16.29806338372181	15.220585327395519	15.527682689088182	16.51755819101393	15.635314554778283	16.101784222118876	16.23622692754929	15.203937989497827	15.482548906393907	16.046007724814935	15.41288689993533	16.105897724229703	16.125536099331544	15.686861911303806	15.49278889934521	15.608443713090328	15.136758355877106	15.827639998351465	16.22925676906546	16.059785971102094	15.628560725633484	15.872302753827116	15.992328647235608	16.23953339461132	15.165712693240579	15.146890926340769	14.985395708127824	15.06659653278791	14.501010261953697	14.538632495063736	14.57623368127208	0.0	14.814030493486237	14.705981819465139
Nucleotide metabolism	35.21269664201627	0.0	43.11612197929018	39.50476856574611	40.506439394064614	43.60206143955172	35.72774885447693	39.55753540831604	38.59577602572499	38.01092217325211	39.155576965491775	39.57968061083719	36.796822168096256	37.696398922255476	36.760564808545574	35.759806330811564	36.024526293565486	37.61831069870263	35.49080703292268	34.10098388544591	35.527330872710195	35.375719684773	32.257693003134335	33.36550988496541	36.94213932592562	37.0070790264989	37.08436106981669	38.620243838279876	38.6293879167516	34.39613519731169	35.49544391760226	33.87007903254768	33.00939984960277	33.39235331568207	32.20494838527482	32.669896587221814	32.00693359517413	29.739231137484502	32.00158137902773	30.777401545512383	31.365342551611192	31.251455990964523	30.99493326087744	31.070127257841584	31.941504995956123	30.7127569994502	30.98102702498204	31.525555130162818	30.759352375164248	30.80036238904769	31.043697627685063	31.638575442197546	30.424410522382658	31.021668758839358	30.334417761539683	31.019187156577303	32.17936005806749	31.438889329624466	30.464903117460018	31.22190647307696	31.440464867828698	32.0899522070969	30.282678664579755	29.90132375436474	29.392693294096553	29.579143554600034	29.09549153403809	29.003656612081752	29.028837393078803	0.0	29.142621810338266	29.083488700681862
Replication and repair	0.0	0.0	0.0	75.27719605713857	75.51169866231812	0.0	124.27515772500003	0.0	90.00210029397452	34.39452250647503	20.84151396995331	0.0	37.21100653707614	18.186192680046666	93.25234072980454	125.24889380099599	126.35533845267521	94.12934617945226	101.92680938779895	102.99566462243081	109.92883887716201	104.32820068540366	100.15668717995439	113.36473474078663	108.89565250291906	87.74095111842557	108.61636430083797	110.11700879853197	92.01164268226444	101.78426455131219	117.91678008198508	120.2250287650496	97.66335128803158	98.46504809875753	94.15898255161478	96.04747312676898	95.51599547916435	90.6362318762857	109.66425983619905	109.31707432107157	93.90381954263935	93.3456782555342	110.24544885449231	93.48347914545542	94.65667502196712	92.22189542481786	109.55784138596897	95.38580488281485	108.94212846520712	92.5993745967521	110.94905762276164	114.42037887129086	110.10755808697579	111.77253365158234	110.20127075769034	112.66232587206747	120.13519143839632	113.24329225048191	110.84420436932574	110.70600887088845	113.27088724214225	113.90688462062968	109.03019048628225	107.29409705758229	104.85651261865966	105.28150937914184	102.20801794717045	101.59805077522833	102.0697169468094	0.0	102.89873957417575	101.81079041821523
Signal transduction	21.917712304988324	24.907862365327	0.0	18.993068094920634	0.0	0.0	34.47064756270173	22.45676749332411	18.171474276058735	19.62410842010867	21.750086630632843	21.97326910151303	19.231942455757945	17.664457201772482	19.949621750282002	42.04667197798042	18.050024806776833	38.18328092435922	35.103798759114625	17.70149452203592	18.32670776540285	35.211042685818995	32.630549374916626	63.72225014386807	18.887293654722317	18.720540334066058	18.206864496162833	19.10286927721323	19.443388050276727	32.97287155390061	35.01124486477835	34.66187603865462	31.884041501344687	32.24455548459515	31.60380475371937	32.663555815343166	32.63850393230122	60.77907256016568	64.08392212147449	62.97608396788352	32.087632822187885	32.237090774717785	57.63888467821463	63.588729084719176	60.05085739160219	61.68807596197774	58.35701167540086	60.07702021245964	32.345451749811716	59.618845127977075	59.56059780756995	58.31265917554451	58.47911342566674	58.640061417290454	59.62168968962084	57.583286767903566	34.61067260763559	63.00682114124729	61.98526633318078	60.65894957080705	64.8949119955182	64.02905841269296	59.68453221852725	57.52306202422764	58.11950489198032	57.424272961946514	59.81769978041815	56.96249676848654	57.67989253707928	0.0	57.001967774390636	56.22454465569943
Translation	49.69229517854954	0.0	22.13831621890788	55.74606198303249	20.10723333540953	20.6146870315188	53.63183771838146	19.88312511445816	19.51844387208811	52.17708737879897	54.69309977193182	19.965564378357904	53.93798273684868	18.89992614586495	51.80801929556219	51.482358495480966	18.342840054401634	18.760729187499376	49.83798788471201	51.483700595519366	18.003213004376093	50.550254422580906	49.25153966237336	48.60148437481463	18.30650194655814	18.055163193143688	18.691313126624976	19.013613985307583	19.225075447391745	48.81808063420827	53.75063025729446	50.31056405948236	50.007950096579684	48.706875032818644	48.26725490190644	50.139046474856194	47.37736275851476	44.35032287087987	45.832513534918796	45.29080386204811	45.73425707314998	46.84362616125783	45.44216244023709	46.25261737826678	46.008924283902644	44.65767712551681	45.798271112347464	46.85711314655019	47.18727401705886	46.12431965569262	45.70873036141763	46.63835240169425	46.12049432479633	46.92458329142872	46.24367191303558	45.80971159870939	48.29684918488559	47.40473407614033	45.654001768960796	46.95132067519095	47.569862782513205	48.351950263652526	45.75476908133297	46.375741756062965	44.428553285163986	44.687527538448784	43.63634769437667	43.90544277095336	44.00093492795709	0.0	44.46292826331459	43.604089974427204
Transport and catabolism	17.567519061284553	0.0	0.0	0.0	0.0	0.0	17.54818012431201	0.0	0.0	19.394608718560246	18.87184927594943	0.0	19.53261708948808	17.995741911987526	19.60958495198772	18.972954815550025	17.131491973399456	0.0	17.506078347092117	17.24106529418736	18.44665020976059	17.060737429256143	16.06702951034473	16.627733993406785	18.399581007214554	18.780693927748995	18.620360878178463	0.0	0.0	16.46492745545676	17.72330560355105	17.1493551114973	17.355311233893907	17.128745028522943	16.706335345717417	16.612356100747668	16.956755275735816	15.57732221113001	17.01196322270875	15.874400004064418	15.79681916134885	16.231672584632648	15.522331680721507	15.827602976917046	16.519641729185214	15.97372746911855	15.418808156538203	16.027958030601653	15.351497794780803	15.581642484436927	15.706165715247092	15.89602037920803	15.420177541184765	15.575576204744612	15.468191121530142	15.905503592367623	15.622546706207963	15.42860348634981	15.098506087157958	15.512448299690556	15.975183382620841	15.74945234755006	15.33585470402587	14.97634291404117	14.592292502037026	14.652349762374588	14.584305876311992	14.434118371876787	14.416105275745235	0.0	14.728176462200345	14.468264856667679
Xenobiotics biodegradation and metabolism	121.81483867492005	21.28815952790042	22.099822525032145	181.2813122642732	78.0627193689647	20.02086220246671	219.55516920475506	101.5769070031087	194.10270233972562	161.43712304366053	99.67736568201082	40.01661334537934	225.47647547816052	254.2570847640305	195.9192919612748	225.69522131297555	250.75427534491163	198.94103955753383	257.9876770395847	221.64573121816895	259.197398479561	219.18699442375572	235.0594205540681	257.8209736065324	208.51675489888206	170.38498622089978	248.0288153745795	262.8439086112674	178.42329120307605	222.3528535117569	236.72071486506988	243.84568027860988	236.23734219624066	252.5222070814799	230.1445931700823	250.23123685332448	210.8048295188739	224.82973126196308	242.9087110246364	233.21454553003866	241.38503081976455	244.26529790573383	237.86871238750663	239.18246019172037	229.07142724503962	234.59952355355398	239.43560069983317	242.16303971894996	239.72263794670212	240.31074736774778	240.85600414231737	243.5552989014858	233.76986282368267	236.63659591680758	232.81744040504452	240.82395465918196	247.31393249821926	240.89228709095266	236.03233301600645	242.22655263407975	242.47934726818147	247.15165610513083	234.20210237622726	228.47617803418268	227.68080633999142	228.27704753855383	223.5815620379715	221.7834301137358	222.6346278203061	0.0	224.41559291790927	223.08552203220057
